{"Train Loss": 0.007258428726345301, "_timestamp": 1705476120.417404, "_runtime": 4.962299823760986, "_step": 139, "Test Loss": 0.0014340232592076063, "Test Accuracy": 99.24263000488281, "_wandb": {"runtime": 4}}