{"Train Loss": 3.7740286643384025e-05, "_timestamp": 1705476052.859102, "_runtime": 5.529539108276367, "_step": 139, "Test Loss": 2.709453838178888e-06, "Test Accuracy": 99.99133662173622, "_wandb": {"runtime": 4}}